ts	phase	decision	why	evidence	result
2026-09-26T05:34:11Z	start	recovered the old store plan and created an isolated release worktree	keep the live app and education work separate	quill/MEMORY.md, feat/store-release	account and app audit open
2026-09-26T05:34:11Z	platform	use a tested iPad build for the Apple silicon Mac App Store	Apple supports this without a separate Mac port	Regulated store submission 2026-09-26.md	Intel Macs excluded from first release
2026-09-26T05:47:00Z	baseline	checked the current build and live subscription and audio access settings	separate stale source rules from live exposure	npm run build, Supabase Policies and bucket settings	build passed; live subscriptions locked and audio bucket private
2026-09-26T05:38:39Z	correction	the previous row has a future timestamp; this is the actual audit time	keep the append-only log accurate	clock__curr_time 2026-09-26 05:38:39 UTC	prior result stands
2026-09-26T05:44:28Z	architecture	bundle the React app locally and verify store access against Supabase account IDs	one app UI with server-owned entitlement and shared audio gate	.audit/store-architecture.md, candidate review	selected; real device and store tests pending
2026-09-26T05:44:28Z	account	Google Organization setup paused at identity notice	auto-review rejected continuing because company name address and website may be disclosed without specific approval	Play Console organization signup	approval question sent; no company details submitted
2026-09-26T05:44:28Z	access	added account-scoped store entitlement groundwork and shared premium check	purchase and audio must agree on the same server answer	migrations/007_store_entitlements.sql, api/_access.js, node tests	3 tests and Vite build passed; migration not applied
2026-09-26T05:48:37Z	native	generated iOS and Android Capacitor projects in isolated worktree	prepare store binaries without changing live web app	cap add ios, cap add android, bundle ID co.regulatedapp.app	projects generated; Xcode and Java absent; no device build
2026-09-26T05:48:37Z	backup	kept pre-install package backups in .audit/backups	config was backed up before npm edits	two backup files, failed move command	guard refused move due path pattern; no retry
2026-09-26T05:52:11Z	native-api	connected local native origin to production API for non-purchase calls and allowed only native app origins	local bundle cannot use relative API paths or same-origin CORS	apiUrl.js, _native-cors.js, node tests, cap sync	4 tests build diff check and sync passed; device test pending
2026-09-26T05:52:11Z	logging	removed build logs that could print key prefixes	prevent accidental exposure during configured builds	vite.config.js backup in .audit/backups, npm run build	build output no longer includes environment diagnostics
2026-09-26T07:27:33Z	toolchain	installed OpenJDK 21 and Android Studio in user Applications	prepare Android device builds without sudo	brew install output, filesystem checks	both installed; Android SDK absent; Studio UI open attempt timed out
2026-09-26T07:33:21Z	auth	added PKCE native sign-in callback with registered iOS and Android URL scheme	magic links must return to local app without trusting URL tokens	Capacitor App plugin, nativeAuthUrl test, Info.plist, AndroidManifest	5 tests build plist check and cap sync passed; Supabase allowlist and device test pending
2026-09-26T07:33:21Z	license	Android SDK 36 package install waits at Google's legally binding SDK license	only account owner can approve agreement	interactive sdkmanager session 93185	asked Matthew; no acceptance entered
2026-09-26T07:35:17Z	dependencies	applied non-breaking npm audit fixes	remove known production high severity advisories before store build	npm audit, npm run build, 5 tests, cap sync	production audit has 2 moderate React Router findings; no high; build and tests passed
2026-09-26T07:38:03Z	premium-ui	rechecked premium when verified account changes and removed network-error premium grant	local email and failed payment verification must not keep access lit	useApp.jsx, Success.jsx, identity check, 5 tests	checks build diff and sync passed; live flow untested
2026-09-26T07:46:12Z	privacy	mapped current app data and drafted deletion page copy with exact OpenCode Go GLM 5.3	Apple and Google require deletion paths and truthful data claims	.audit/privacy-data-map.md, .audit/deletion-copy-draft.md, session ses_f235374d9ffeB1ue5eZ6duV8O3	draft only; legal retention and working paths pending
2026-09-26T07:46:12Z	icon	generated navy amber icon preview	store listings require an app icon	generated image in Codex image folder	copy into worktree rejected by secret-read guard; approval question sent
2026-09-26T23:44:18.307271+00:00	native-audio-partial	added hook and Android Media3 owner, exact HTTPS localhost CORS, disabled bridge and player logging	token and revision identify attempts; only natural end may complete	.audit/native-audio-todo.md; .audit/backups/native-audio	web build and nine Node checks pass; iOS source and native test writes blocked by identifier guard; device audio not verified
2026-09-27T00:07:15.957128+00:00	native-audio-implemented	completed Swift owner and registration; added real Android lifecycle test	only natural end may complete and background controls must work without JS	.audit/native-audio-todo.md; .audit/native-audio-instrumentation.txt	Android compile lint and emulator test pass; Swift syntax and project checks pass; iOS app compile and hardware checks unverified
2026-09-27T00:09:33.692203+00:00	store-environment-isolation	added exact production environment filter to shared premium access query	sandbox-only purchases incorrectly granted production access	api/_access.js; api/_access.test.mjs	reproduced sandbox assertion failure; after one-line fix all five tests pass; valid legacy Stripe fallback preserved; no deployment
